criterion,iso25010_or_asvs_source,assessment_method,supabase_score,supabase_justification,django_score,django_justification
Role-based access control enforced for all Record endpoints,ISO/IEC 25010 Functional suitability; ASVS V4,Hands-on verification,Satisfied,"Verified via automated pytest suite (test_authorization.py, 12/12 passing, Section 5) confirming org-scoped RLS policies block cross-org access on list/create/read/update paths.",Satisfied,Same pytest suite plus 4/4 Django unit tests; permission classes + get_queryset() filtering enforce org scoping on all endpoints.
Passwords/credentials never logged or exposed in API responses,"ASVS V2, V7",Hands-on verification,Satisfied: response bodies; logs dashboard-only,"Every sign-in/token response returned only access/refresh tokens throughout this build, never the password itself. Auth logs are only visible via Dashboard > Logs > Auth on a hosted project, not scriptable via CLI, recorded as a visibility asymmetry.",Satisfied,"A deliberately wrong password submitted to /token/ does not appear anywhere in docker compose logs web afterward (hands-on check, 2026-08-15, using the corrected -f django-variant/docker-compose.yml target). Response bodies also never echo the submitted password."
Data can be exported in a non-proprietary format without provider tooling,ISO/IEC 25010 Portability,Hands-on verification,Satisfied,"Both variants are plain PostgreSQL (see row 76); pg_dump against Supabase's exposed connection string (Settings > Database) produces a standard SQL dump, not a Supabase-specific export format, and requires no Supabase CLI.",Satisfied,Vanilla postgres:16 container; pg_dump/pg_restore work with zero Django-specific tooling.
Underlying schema/business logic is inspectable and modifiable,ISO/IEC 25010 Maintainability,Documentation + hands-on,Partial,"Schema and RLS policies are plain, version-controlled SQL migrations (row 73), fully inspectable/modifiable outside the dashboard. Auth and Storage configuration, however, were done via the dashboard in this build rather than expressed as code; this is the same asymmetry noted at row 70.",Satisfied,All business logic is plain Python (models/serializers/views/permissions) under version control; nothing is configured through a dashboard-only path.
File uploads validated for type and size before storage,ASVS V12,Hands-on verification,Not verified,"Uploading a .sh file to a bucket named 'uploads' returned 400, but the actual bucket name configured during the build was not confirmed before this test, 400 is equally consistent with 'bucket not found' as with a real type-validation rejection. The criterion is therefore recorded as not verified rather than scored in either direction; Supabase's per-bucket MIME-type restriction is documented platform functionality, but documentation alone does not meet this catalog's hands-on standard for this criterion.","Not testable, storage never configured","django-variant/config/settings.py still has AWS_S3_ENDPOINT_URL, AWS_ACCESS_KEY_ID, and AWS_SECRET_ACCESS_KEY as literal placeholder strings ('<key>', '<secret>', etc.), file storage was never actually wired up with real credentials in this build, so no upload endpoint is functional to test."
Database can be migrated without vendor-proprietary extensions,ISO/IEC 25010 Portability,Documentation analysis,Satisfied,"Supabase's managed Postgres does install several platform extensions by default (pgsodium, pg_graphql, pg_net, wrappers, vault), but this project's actual schema (organisations/profiles/records/file_uploads, RLS via SECURITY DEFINER functions) uses none of them, confirmed in the schema-review finding at row 80. The relational schema and the RLS mechanism itself are standard PostgreSQL. The policies are not portable as written, however: they call auth.uid() and the profiles table references auth.users, both supplied by Supabase's GoTrue authentication schema, so a move to plain PostgreSQL would require an equivalent authentication context and a rewrite of every policy predicate that depends on it.",Satisfied,"Vanilla postgres:16 image, no extensions used beyond core PostgreSQL/Django ORM features."
CRUD operations on Records complete correctly for all defined fields,ISO/IEC 25010 Functional completeness,Hands-on verification,Satisfied,"POST with org_id, status, and a nested payload object returned 201 with every field correctly round-tripped: {id, org_id, created_by, status, payload, updated_at} (hands-on check, 2026-08-15). Getting here also surfaced that org_id has no server-side default (unlike created_by, row 43), an unauthenticated-looking 403 from a missing org_id is really a validation gap rather than an auth failure. Section 5.2 notes this, because the RLS error message does not distinguish the two.",Satisfied,"POST /records/ with status and a nested payload object returned 201 with every submitted field correctly round-tripped in the response body (id, org, created_by, status, payload, updated_at), confirmed via a direct create call, hands-on check, 2026-08-15."
Reporting/aggregate query (report_view) returns results scoped to caller's organisation only,ISO/IEC 25010 Functional correctness; ASVS V4,Hands-on verification,Satisfied,"Initial implementation leaked all orgs' rows because Postgres views execute as owner by default; fixed via ALTER VIEW ... SET (security_invoker = true), re-verified live (single scoped row returned instead of all 50).",Satisfied,report_view is a plain Django queryset filtered by the caller's org via get_queryset(); scoping verified directly.
System behaves correctly at organisation-data boundary (no cross-org leakage) under concurrent writes,ISO/IEC 25010 Functional correctness,Architecture review,"Satisfied (inferred): architectural, not load-tested","Not stress-tested under literal simultaneous writes. Inferred from architecture: org_id is server-derived per request from the caller's own JWT (row 43) and RLS scopes every write independently, there is no shared mutable state (e.g. a counter or single row) between two different orgs' requests that concurrency could expose.","Satisfied (inferred): architectural, not load-tested","Same reasoning: org is server-derived per request via perform_create()/get_queryset() (row 43), with no shared state between requests from different orgs. Not independently load-tested for race conditions."
API accepts and correctly processes the full documented set of query parameters/filters,ISO/IEC 25010 Functional appropriateness,Hands-on verification,Satisfied,"GET /rest/v1/records?status=eq.open returned only rows with status='open' (hands-on check, 2026-08-15), the filter is genuinely applied, not just accepted and ignored.",Not satisfied,"GET /records/?status=open returned a mixed set including a status='pending' record alongside status='open' ones (hands-on check, 2026-08-15), the query param is silently ignored: no error is raised and no filtering is applied. Consistent with no filter backend (e.g. django-filter) being configured in this build."
"Partial/incomplete request payloads are rejected with a clear validation error, not a 500",ISO/IEC 25010 Functional appropriateness; ASVS V5,Hands-on verification,Partial,"POST with an empty body ({}) is correctly rejected (403), but via a raw RLS policy violation ('new row violates row-level security policy for table records', code 42501) rather than a clear field-level message like 'org_id is required.' Rejection behaviour is correct and secure, but the error is not developer-friendly: it exposes internal policy machinery instead of naming the missing field.",Not satisfied,"POST /records/ with an empty body ({}) returned 201 Created rather than a validation error, with model defaults silently filled in (status='open', payload={}). Arguably worse than Supabase's confusing-but-correct rejection: an empty/incomplete submission is accepted as if it were valid rather than rejected at all."
Duplicate/idempotent create requests are handled predictably (no silent duplication or corruption),ISO/IEC 25010 Functional correctness,Hands-on verification,Not satisfied: but predictable,"Identical payloads (with org_id supplied) submitted twice both returned 201 Created (hands-on check, 2026-08-15), No idempotency-key mechanism exists, so two separate records are created from one logically duplicate request.",Not satisfied: but predictable,"Identical POST bodies submitted twice both returned 201 Created (hands-on check, 2026-08-15), no idempotency-key mechanism exists, so two separate records are silently created from one logically duplicate request. Predictable (no corruption, no silent overwrite), but not deduplicated."
User-facing error messages do not leak internal schema/stack trace details,ASVS V7; ISO/IEC 25010 Functional appropriateness,Hands-on verification,Satisfied,"POST with malformed JSON returned a clean PostgREST error: code PGRST102, message 'Empty or invalid json' (hands-on check, 2026-08-15). No stack trace or internal detail leaked, though the message is terser/less specific than Django's (no line/column pointer).",Satisfied,"POST with malformed JSON returned DRF's standard clean error: 'JSON parse error - Expecting property name enclosed in double quotes: line 1 column 2 (char 1)' (hands-on check, 2026-08-15). No stack trace, file path, or internal exception class name, just states what's wrong and where."
Median response time for a record-list read stays under 200 ms at low concurrency (10 VUs),ISO/IEC 25010 Performance efficiency (time behaviour),"Hands-on verification (benchmark, Section 5.1)",Not satisfied,"read-heavy profile at 10 VUs, 3 reps: median 219-228 ms (results/supabase_read-heavy_10_rep{1,2,3}.json, benchmarked 2026-09-03). Above the 200 ms threshold in every repetition, though only marginally. Two caveats are recorded rather than used to soften the score: the read-heavy profile is a list call over the 2,000-record baseline, not a literal isolated single-record GET, so it is a pessimistic proxy; and 25.8 ms of the measured figure is round-trip network time from the load generator to the London region (Section 3.6).",Not satisfied,"read-heavy profile at 10 VUs, 3 reps: median 296-304 ms (results/django_read-heavy_10_rep{1,2,3}.json, benchmarked 2026-09-03), roughly 50 per cent over the threshold. The same list-endpoint proxy caveat applies as for Supabase, and 58.9 ms of the figure is measured round-trip time to the Frankfurt VPS, 33 ms more than the Supabase path (Section 3.6). The gap between the variants at this operating point is therefore of the same order as the difference in their network paths, so neither score should be read as an architectural finding."
p95 response time at moderate concurrency (50 VUs) stays under 2s for read-heavy workload,ISO/IEC 25010 Performance efficiency (time behaviour),"Hands-on verification (benchmark, Section 5.1)",Not satisfied,"read-heavy profile at 50 VUs, 3 reps: p95 2,561-2,676 ms (results/supabase_read-heavy_50_rep{1,2,3}.json, benchmarked 2026-09-03), between 28 and 34 per cent over the 2 s threshold in all three repetitions. PostgREST holds tail latency low on the write-heavy profile at the same concurrency (p95 452-723 ms) but not on the 2,000-record list read, which is what this criterion measures.",Satisfied,"read-heavy profile at 50 VUs, 3 reps: p95 1,496-1,502 ms (results/django_read-heavy_50_rep{1,2,3}.json, benchmarked 2026-09-03). Under the 2 s threshold in all three repetitions, with a 6 ms spread between them. Five synchronous Gunicorn workers (Section 3.3) are sufficient for this profile at this concurrency level."
"System degrades gracefully (errors, not silent data loss) under load beyond nominal capacity",ISO/IEC 25010 Performance efficiency (capacity),"Hands-on verification (benchmark, Section 5.1)",Satisfied,"At 200 VUs, four times the 50-virtual-user level, latency rose but the error rate stayed at or below 0.1 per cent on all three profiles and no repetition reached the k6 client-side timeout ceiling (Table 5.1; benchmarked 2026-09-03). Degradation is a latency curve rather than a failure cliff, and no data loss or corruption was observed in any run.",Satisfied,"At 200 VUs the error rate likewise stayed at or below 0.1 per cent on all three profiles, with no timeouts (Table 5.1; benchmarked 2026-09-03). Failures, where they occurred at all, manifest as HTTP errors rather than silent data loss or corrupted writes. Tail latency does grow faster than the median under the write-heavy profile, but it grows continuously rather than discontinuously, which is what this criterion asks for."
Database connection pooling is present and configurable,ISO/IEC 25010 Performance efficiency (resource utilisation),Documentation + hands-on,Satisfied,"Supabase provides Supavisor, a connection pooler available on every project by default, with pool size and connection mode (transaction/session, ports 6543/5432) configurable from the Dashboard's Database settings (supabase.com/docs).",Not satisfied,"Django connects directly via psycopg2 with no pooling layer configured in this build. Connection pooling would require pgbouncer or a package such as django-db-connection-pool, neither of which was set up."
N+1 query patterns are avoidable/avoided in the default data-access path for list endpoints,ISO/IEC 25010 Performance efficiency (resource utilisation),Architecture review + documentation,Satisfied (inferred): architectural,"PostgREST resolves embedded/related resources via a single SQL query with joins rather than per-row follow-up queries, so N+1 is structurally avoided at the API layer without the developer opting in.",Not satisfied,"grep -n 'select_related|prefetch_related' core/views.py returned zero matches, no query-optimisation calls are used anywhere in the view layer. Any endpoint that serialises related objects (e.g. org membership) would issue one query per row by default."
Pagination is supported and enforced by default on list endpoints (no unbounded result sets),ISO/IEC 25010 Performance efficiency (capacity),Hands-on verification,Satisfied,"GET /rest/v1/records returns a Content-Range header (e.g. 0-999/*) and caps the response at 1000 rows by default (PostgREST's default max-rows), even with no explicit Range/limit param supplied by the client. Clients paginate further via the Range header.",Not satisfied,"Confirmed via the SQL-injection probe response and a direct list call (hands-on checks, 2026-08-14): GET /records/ returns the entire in-org record set (the full 2,000-record benchmark baseline) as a bare, unbounded JSON array, with no Content-Range-equivalent metadata and no page or limit wrapper. DRF pagination classes were never configured."
"API follows a documented, standard convention (REST/OpenAPI) that third-party HTTP clients can consume without custom SDKs",ISO/IEC 25010 Compatibility (interoperability),Hands-on verification,Satisfied,"Every request against Supabase throughout this build used plain curl (standard verb+path+JSON, Bearer/apikey headers), no SDK required; PostgREST also auto-generates a machine-readable OpenAPI spec at the API root.",Partial,"Every request against Django likewise used plain curl with no SDK, satisfying the 'consumable by standard HTTP clients' half of the criterion. But no machine-readable OpenAPI spec is generated, that would require adding drf-spectacular or drf-yasg, neither configured in this build."
System can coexist with other services sharing the same database/infrastructure without conflict,ISO/IEC 25010 Compatibility (co-existence),Documentation analysis,Satisfied,"Supabase officially exposes a direct Postgres connection string (Settings > Database) specifically so other tools (BI/analytics, ORMs, cron jobs) can connect to the same underlying database alongside the Supabase-managed API layer.",Satisfied,The db container is a standard postgres:16 instance reachable by any other service on the same Docker network or via an exposed port; nothing about the schema or RLS-free setup prevents additional consumers.
"Standard authentication tooling (e.g. Postman, curl, standard OAuth/JWT libraries) works against the API without provider-specific plugins",ISO/IEC 25010 Compatibility (interoperability),Hands-on verification,Satisfied,"Every authenticated request in this build used plain curl with a standard Authorization: Bearer <JWT> header (plus Supabase's apikey header, a normal HTTP header, not a plugin), no provider SDK was ever required.",Satisfied,"Same, plain curl with a standard Authorization: Bearer <JWT> header throughout; no custom tooling required."
Client libraries/SDKs are available in more than one language/ecosystem,ISO/IEC 25010 Compatibility (interoperability),Documentation analysis,Satisfied,"Official/community client libraries exist for JavaScript/TypeScript, Python, Flutter/Dart, Swift, Kotlin, C#, Go, Ruby, and GDScript (supabase.com/docs/guides/api/rest/client-libs).",Not satisfied,"No official generated client library ships with this implementation. The API is a plain DRF REST interface, consumable from any language's standard HTTP client, but nothing is provided or maintained in the way Supabase's typed SDKs are."
API versioning strategy exists and is documented,ISO/IEC 25010 Compatibility (interoperability),Documentation analysis,Partial,"The REST endpoint is nominally versioned in its URL (/rest/v1/), but this reflects the platform's PostgREST version, not application-level API versioning. Supabase's documented recommendation for versioning your own schema/breaking changes is to use separate Postgres schemas (e.g. v1, v2) with postgrest-js's schema switch, a real strategy, but manual and not enforced by the platform.",Not satisfied,"No versioning strategy (URL, header, or otherwise) was configured for this reference implementation; DRF supports several versioning schemes out of the box, but none was set up in this build."
"Documentation/dashboard is understandable to a developer without prior platform-specific experience within a reasonable ramp-up (subjective, state your own ramp-up time)",ISO/IEC 25010 Usability (learnability),"Hands-on, self-reported",Satisfied: faster ramp-up,"Self-reported by the developer: felt faster to get comfortable with, despite the RLS recursion incident requiring a genuine conceptual learning moment (SECURITY DEFINER functions, RLS evaluation order) before policies worked correctly.",Partial: slower ramp-up,"Self-reported: comparatively slower to reach comfort, consistent with the volume of hands-on troubleshooting this build required on the Django side (Gunicorn worker sizing, pytest/coverage setup, JWT-refresh flow, missing pagination/health endpoints)."
"Common administrative tasks (e.g. viewing a table's rows, checking a policy) are reachable within a small, countable number of clicks/commands",ISO/IEC 25010 Usability (operability),"Hands-on, self-reported",Satisfied,Self-reported: 2-3 clicks from the dashboard homepage to view a table's rows (Table Editor > select table) or check a policy (Authentication > Policies > select table).,N/A: no dashboard exists,"No admin UI is configured in this build (row 29); the equivalent operation would be a psql or Django-shell command, not a comparable 'click count.'"
Error messages returned to a developer/operator are actionable (state what's wrong and how to fix it),ISO/IEC 25010 Usability (user error protection),Hands-on verification,Partial,"Same evidence as row 11: the empty-payload rejection returns a raw RLS policy violation ('new row violates row-level security policy for table records', code 42501) rather than naming the missing field, technically correct but not developer-friendly.",Partial,"Inconsistent rather than uniformly good or bad. Where an error IS returned, it is genuinely actionable: the malformed-JSON message ('JSON parse error - Expecting property name enclosed in double quotes: line 1 column 2 (char 1)', confirmed via a hands-on check, 2026-08-15) states exactly what's wrong and where. But the empty-payload case (row 11) is not an error at all, it silently accepts defaults instead of rejecting, which is arguably worse than an unhelpful message, since there is no message to act on in the first place."
Setup/onboarding requires no undocumented manual steps beyond what the platform's own quickstart describes,ISO/IEC 25010 Usability (learnability),"Hands-on, self-reported",Not satisfied,Real undocumented steps were needed beyond the platform's own quickstart: the RLS recursion fix (SECURITY DEFINER pattern) and the security_invoker view fix (entry not in quickstart docs) both required troubleshooting beyond what Supabase's own getting-started guide covers.,Not satisfied,"Real undocumented steps were needed beyond Django's own tutorial: Gunicorn worker sizing for a target compute budget, installing pytest/pytest-cov inside the container, passing --ds=config.settings, and building a JWT-refresh flow, none of which are called out in Django's standard quickstart. Both variants score the same here; Section 5.2 discusses what that shared outcome implies."
Dashboard/admin UI is available out of the box without custom development,ISO/IEC 25010 Usability (appropriateness recognisability),Hands-on verification,Satisfied,"Table Editor, Authentication, Storage, and SQL Editor are all available immediately on project creation with no setup required, and were used directly throughout this build (rows 2, 26).",Not satisfied,"No admin UI is registered for these models in this build, Django's built-in admin site was never wired up to Organisation/UserAccount/Record/FileUpload. DRF's browsable API is dev-only (requires DEBUG=True) and was not confirmed enabled either; nothing dashboard-like is available out of the box as deployed."
"Accessibility of any provided dashboard UI (keyboard navigation, screen-reader labels) meets a basic bar",ISO/IEC 25010 Usability (accessibility),"Hands-on, self-reported spot-check",Not satisfied,"Self-reported spot-check (2026-08-15), with a specific finding rather than a blanket 'does not work': moving between different areas of the dashboard (sidebar sections, table list, panels) requires the mouse cursor, arrow-key/Tab navigation between these regions does not work. Inside the SQL Editor specifically, keyboard navigation of the code itself (arrow keys, standard text-editing shortcuts) works normally, since that component is a conventional code editor with its own internal keyboard handling. The gap is in cross-panel navigation rather than in the individual widgets.",N/A: no dashboard exists,No admin UI is available in this build to spot-check (row 29); the criterion does not apply.
System recovers automatically from a transient database connection loss without manual intervention,ISO/IEC 25010 Reliability (fault tolerance),Hands-on verification (Django); documentation analysis (Supabase),Satisfied (inferred): provider-attested,Not independently testable (no ability to stop Supabase's underlying database); connection recovery is the platform's operational responsibility.,Satisfied,"With the db container stopped, a request during the outage returned 500 rather than hanging or returning a corrupted response; after the db container was restarted, the very next request succeeded (200) with no web container restart needed (hands-on check, 2026-08-15), Django/psycopg2 re-established the connection automatically."
A crashed worker/process is automatically restarted without operator action,ISO/IEC 25010 Reliability (fault tolerance),Hands-on verification (Django); documentation analysis (Supabase),Satisfied (inferred): provider-attested,"Supabase's infrastructure (Postgres, PostgREST, GoTrue) is operated by the platform; a crashed process is the platform's operational responsibility, not something the project owner configures or observes directly.",Not satisfied,"Confirmed via grep against django-variant/docker-compose.yml (hands-on check, 2026-08-15): no restart: policy is set on any service. A crashed web or db container would stay down until an operator manually ran docker compose up again."
Data is durably persisted across a full restart of all application containers/services,ISO/IEC 25010 Reliability (maturity),Hands-on verification (Django); documentation analysis (Supabase),Satisfied (inferred): provider-attested,Not independently tested (no ability to restart Supabase's underlying infrastructure); durable storage is the platform's operational responsibility and covered by its documented backup/retention model (row 34).,Satisfied,"docker compose -f django-variant/docker-compose.yml restart (web, db and nginx) left the record count identical before and after (hands-on check, 2026-08-15), so data survives a full container restart via the Postgres Docker volume. The absolute count at that time reflected the pre-reset dataset and is not comparable to the 2,000-row benchmark baseline, so the check is reported as an equality rather than as a figure."
"Automated backups exist and are documented, with a stated retention policy",ISO/IEC 25010 Reliability (recoverability),Documentation analysis,Partial: tier-dependent,"Daily backups and PITR are documented platform features, but NOT included at the Free/Nano tier this project actually uses (the compute-budget decision, Section 3.3). Daily backups start at the Pro tier ($25/mo, 7-day retention); PITR is a paid add-on requiring at least a Small compute tier. At the tier actually benchmarked, no automated backup is running.",Not satisfied,"No automated backup mechanism (cron pg_dump, VPS snapshot schedule, etc.) was configured for this reference implementation; Postgres data persists only via the Docker volume, which is not itself a backup strategy."
"A documented, testable disaster-recovery/restore procedure exists",ISO/IEC 25010 Reliability (recoverability),Documentation analysis,Partial,"Supabase publishes a general restore procedure for PITR/daily backups via the Dashboard, but no project-specific restore was actually tested during this build, and per row 34, the tier used does not have backups enabled to restore from in the first place.",Not satisfied,No disaster-recovery procedure was documented or tested for this implementation; restoring would mean manually recreating the Docker volume from a pg_dump that was never scheduled to begin with.
"Uptime/SLA commitment is published (or, for self-hosted, is a function of the chosen VPS provider's published SLA)",ISO/IEC 25010 Reliability (availability),Documentation analysis,Not satisfied at the tier used,"Supabase's 99.9% uptime SLA (supabase.com/sla) is contractually available only on the Enterprise plan, which is quoted as custom pricing, so its cost cannot be established from the public pricing page. Free, Pro, and Team customers have no contractual uptime commitment at all, this project runs on the Free tier, so there is no SLA in practice, only the platform's general reliability.",Not assessed: no production VPS was operated within the study window,"The deployment used a Hostinger KVM 2 instance (Section 3.3). Hostinger's contractual uptime commitment for that plan, and any exclusions attaching to it, were not verified within the study window, so no score is recorded. For a self-hosted deployment this criterion is a function of the provider selected rather than of the architecture, and would need to be assessed against whichever provider a business actually chooses."
System exposes health-check/status endpoints suitable for external monitoring,ISO/IEC 25010 Reliability (maturity),Hands-on verification,N/A: platform-managed,"Not meaningfully testable at the application level; Supabase's own infrastructure health is monitored platform-side (status.supabase.com), not through a project-specific endpoint. Note this asymmetry rather than scoring it as a deficiency.",Not satisfied,"Checked /health, /healthz, /api/health, /api/health/, all returned 404. No health-check endpoint was built for this implementation; an operator would need to add one (e.g. a trivial DB-ping view) before production use."
"Migration/schema-change failures are transactional (all-or-nothing, no partial schema state left behind)",ISO/IEC 25010 Reliability (fault tolerance),Hands-on verification,Satisfied,"Postgres DDL is transactional by design; the Supabase CLI's supabase db push applies each migration file within a transaction, so a failing statement rolls back the whole file rather than leaving partial schema state.",Satisfied,Django wraps each migration in an atomic transaction by default (unless a migration explicitly sets atomic = False); no partial-migration failure was encountered during this build's several makemigrations/migrate cycles.
All protected application endpoints require authentication by default (no accidental public exposure),"ASVS V1, V4",Hands-on verification,Satisfied,Every unauthenticated request made throughout the build/test process returned 401/403; no endpoint was reachable without a valid Bearer token.,Satisfied,"Same, custom UserAccountJWTAuthentication + DRF permission classes reject all unauthenticated requests."
"Row-level authorization is enforced at the data layer, not only in application code",ASVS V4; ISO/IEC 25010 Security (confidentiality),Hands-on verification,Satisfied,"RLS policies enforced directly by Postgres, independent of any application-layer code, verified by the infinite-recursion and report_view fixes, both database-level changes.",Partial,"Enforcement is at the application layer (permission classes and queryset filtering); there is no RLS on the Django-managed tables. A bug in a single Django view can therefore bypass authorization in a way that an equivalent error in an RLS policy generally cannot, since the policy is evaluated for every query regardless of which code path issued it."
"Malformed or tampered JWTs are rejected with a generic error, no internal detail leaked","ASVS V2, V7",Hands-on verification,Satisfied,Verified via pytest and manual curl testing across Section 5; malformed tokens return 401 without stack traces or internal detail.,Satisfied,"Same verification method, same result."
Expired tokens are rejected and cannot be used to authenticate further requests,"ASVS V2, V3",Hands-on verification,Satisfied,"Encountered directly during testing, the default 1-hour Supabase token expiry caused real 401s mid-session, correctly rejected.",Satisfied,"Encountered directly, the default 5-minute SIMPLE_JWT access-token lifetime caused real 401s mid-session before being extended to 24h for testing convenience; expiry enforcement itself worked correctly at both settings."
"Server-derived fields (e.g. created_by, org_id) cannot be overridden by client-supplied payload values","ASVS V4, V11",Hands-on verification,Satisfied (after fix),"Initial build allowed client-supplied created_by, enabling authorship spoofing; fixed via DB column DEFAULT auth.uid() plus a strengthened WITH CHECK policy; re-verified via pytest.",Satisfied,RecordSerializer already excluded org/created_by from client input via read_only_fields; perform_create() derives both server-side.
"Password storage uses a modern, salted, adaptive hashing algorithm (not reversible encryption)","ASVS V2, V6",Documentation analysis,Satisfied,"Supabase Auth (GoTrue) hashes passwords with bcrypt plus a per-password random salt, stored in auth.users.encrypted_password (supabase.com/docs/guides/auth/password-security).",Satisfied,"Django's default password hasher is PBKDF2 with SHA256 and a per-password salt, modern and adaptive (configurable work factor); this implementation did not override Django's default, and did not add django[argon2] which would be the stronger alternative if desired."
"All traffic is served over TLS by default, with plaintext HTTP disabled or redirected",ASVS V9,Hands-on verification,Satisfied,Every request throughout this build targeted the hosted https://*.supabase.co project URL; plain HTTP is not served for the platform API.,Not satisfied: TLS not configured,"An nginx reverse proxy container exists in django-variant/docker-compose.yml (confirmed via row 33's restart test, 2026-08-15), but it is plain-HTTP only, no TLS certificate configured, traffic between client and nginx is still unencrypted. Real TLS termination (e.g. Let's Encrypt via certbot) was not configured within the study window, and the row is scored on the observed state: client-to-proxy traffic is unencrypted."
"Sensitive configuration (API keys, DB credentials) is never present in client-side/browser-reachable code or responses","ASVS V8, V14",Hands-on verification,Satisfied,"Supabase's anon/publishable key is deliberately client-exposed by design (protected by RLS, not secrecy); the more privileged service_role key was never returned in any client-facing response and was only used server-side for admin API calls in this build.",Satisfied,"SECRET_KEY, DB_PASSWORD, and other .env values live only in the container environment; no API response body observed in this build ever echoed a configuration value."
Rate limiting or equivalent abuse protection exists on authentication endpoints,"ASVS V2, V11",Hands-on verification / documentation,Satisfied,"Confirmed both by documentation (GoTrue uses a per-IP token-bucket, default capacity 30 requests, supabase.com/docs/guides/auth/rate-limits) and hands-on: a 40-request burst against the sign-in endpoint returned 400 (invalid credentials) for the first ~33 requests, then switched to 429 (Too Many Requests) for the remainder, matching the documented bucket size almost exactly.",Not satisfied,"A 40-request burst against the real login endpoint (/token/) returned 401 on every single attempt, never 429. No rate limiting or throttling is configured on this endpoint (e.g. via django-ratelimit or DRF throttle classes)."
SQL injection is not possible via any parameterised/filterable API input,ASVS V5,Hands-on verification,Satisfied (inferred): architectural,"The direct Supabase-side probe did not complete (the test JWT expired before this check executed), so the verdict rests on architectural grounds: PostgREST compiles filter parameters into parameterised SQL and never interpolates client input into query text, foreclosing the injection class this criterion targets. The equivalent Django-side probe completed normally.",Satisfied,"Injection payload (?id=1' OR '1'='1) in a query filter had no effect on the executed query, Django REST Framework/ORM parameterises all queryset filtering, so the malformed param was simply not recognised as a valid filter and the endpoint fell back to its default (unfiltered) queryset rather than executing any injected SQL."
File upload endpoints reject executable/script file types by default or via explicit configuration,ASVS V12,Hands-on verification,Not satisfied by default: but low-risk by architecture,"Supabase Storage does not restrict file types unless a bucket's allowed_mime_types is explicitly configured (an opt-in setting, not on by default). Mitigating factor: Storage objects are served as static blobs via CDN and are never executed server-side, so an uploaded .sh/.exe file poses materially less risk than the same file landing in a web-servable application directory.","Not testable, storage never configured",See row 5: no functional upload endpoint exists in this implementation to test against.
File uploads are stored outside the web-servable document root (or equivalent isolation for object storage),ASVS V12,Hands-on verification / documentation,Satisfied,"Supabase Storage is dedicated object storage, architecturally isolated from any application document root by design, there is no shared filesystem between the API/Auth layer and stored objects.","Satisfied (inferred): architectural, storage not live","django-storages/S3Boto3Storage (as configured, albeit with placeholder credentials, see rows 5 and 49) stores files in object storage, not on the application server's filesystem, so isolation is correct in principle even though the credentials were never completed enough to test end-to-end."
Session/token invalidation on logout is immediate and verifiable (token cannot be reused after logout),ASVS V3,Hands-on verification,Not satisfied,"Logout call succeeded (204), but the same access token still worked on a subsequent request (200), the logout revokes the server-side session/refresh token, not the already-issued short-lived access token, since GoTrue JWTs are stateless and not checked against a revocation list on every request. A functioning logout endpoint exists (unlike Django), but it does not achieve immediate access-token invalidation.",Not satisfied,"No logout/blacklist endpoint exists in this implementation; reusing the token after the client discarded it still returned 200. SIMPLE_JWT has no token-blacklist app configured, so issued tokens remain valid until natural expiry regardless of any client-side logout action. Net effect is the same as Supabase's (token survives 'logout') but for a more basic reason, no logout endpoint was built at all, vs. Supabase's endpoint existing but not covering access-token revocation."
Multi-factor authentication is available as an option for user accounts,ASVS V2,Documentation analysis,Satisfied,"TOTP (authenticator app) and phone/SMS MFA are built into Supabase Auth and free to use on every plan including Free, via the standard Enroll/Challenge/Verify API (supabase.com/docs/guides/auth/auth-mfa). Organisation-wide MFA enforcement requires Pro+, but the capability for a user to opt into MFA is available regardless of tier.",Not satisfied,No MFA was implemented in this reference implementation; adding it would require an additional package (e.g. django-otp) and is not part of djangorestframework-simplejwt out of the box.
"Security-relevant events (failed logins, permission denials) are logged in a form usable for audit",ASVS V7,Hands-on verification / documentation,Satisfied,"Failed logins and other Auth events are visible via Dashboard > Logs > Auth with event type, timestamp, and IP, a real audit trail, platform-provided.",Not satisfied,"A deliberate failed login produced nothing in docker compose logs web (hands-on check, 2026-08-15): no 401 or login-attempt line appeared. The stack also runs an nginx reverse proxy (row 85) whose access log was not inspected, so the request may be recorded there instead. The score reflects what the application itself logs, which is what this criterion asks about: an audit trail an operator could rely on needs application-level logging regardless of what the proxy captures."
"Logs do not contain full request bodies with sensitive data (PII, credentials) by default","ASVS V7, V8",Hands-on verification (Django); documentation analysis (Supabase),"Satisfied (inferred): provider-attested, not checkable via CLI","No request-body logging is exposed to the project owner via CLI on a hosted project; whatever Supabase logs server-side for its own operations is not inspectable this way. Treated as platform-managed, not scored as a deficiency.",Satisfied,"Gunicorn's default access log format logs method/path/status, not request bodies, confirmed indirectly by row 2's check (a submitted password never appeared in docker compose logs web output)."
CORS policy is explicit and does not default to wildcard-allow-all in a production configuration,ASVS V14,Hands-on verification,Not satisfied,"An OPTIONS preflight from an arbitrary, untrusted origin (https://evil-example.com) received access-control-allow-origin: *, wildcard by default, permitting any origin to make browser-based requests given a valid API key/token.","Partial: restrictive by omission, not by policy","The same preflight from an untrusted origin returned no Access-Control-Allow-Origin header at all, no CORS middleware is configured, so browsers block cross-origin requests by default. The criterion has two parts and this configuration meets only one of them: the wildcard default is avoided, but no explicit policy exists, because CORS was never configured rather than deliberately restricted. A legitimate frontend on a different origin would also be blocked and would need explicit configuration (e.g. django-cors-headers) to work at all, so the restrictive outcome is an artefact of an unbuilt component rather than a security decision."
"Security headers (e.g. HSTS, X-Content-Type-Options) are present on API responses",ASVS V14,Hands-on verification,Partial,"strict-transport-security and x-content-type-options are present by default (platform-managed). No X-Frame-Options or Content-Security-Policy header observed, though both are of limited relevance to a JSON-only API surface (no HTML rendered).",Partial,"X-Frame-Options: DENY and X-Content-Type-Options: nosniff are present (Django's default SecurityMiddleware). No Strict-Transport-Security header, expected while testing over plain HTTP on localhost. Scoring this row against a production deployment would require re-verification behind TLS termination, which the self-hosted variant never had (Section 6.3)."
A dependency-scanning mechanism is available and produces actionable findings (platform-provided or addable),"ASVS V1, V14",Documentation analysis,N/A / platform-managed,"Application code is not user-maintained (no requirements.txt/package.json for the deployed backend itself); dependency security is Supabase's operational responsibility, not something scored against a self-run scan.",Satisfied (mechanism works: real findings),"pip-audit against requirements.txt found 12 known CVEs across 3 packages: django 4.2.30 (6 CVEs, fixed in 5.2.15+/6.0.x), urllib3 1.26.20 (5 CVEs, fixed in 2.5.0-2.7.0), python-dotenv 1.2.1 (1 CVE, fixed in 1.2.2). The scanning mechanism itself is satisfied (it is available, free, and worked) but the findings are a real, disclosed limitation of the artifact as evaluated: the three packages were left at the benchmarked versions so that the measured configuration and the published repository remain identical, and upgrading them is a prerequisite for any production use."
"Business-logic constraints (e.g. a record cannot belong to two organisations) are enforced server-side, not just in the client",ASVS V11,Hands-on verification,Satisfied,"org_id is server-derived (see the created_by criterion, row 43) and RLS additionally scopes every query; a record cannot be associated with an org the caller does not belong to.",Satisfied,org is server-derived via perform_create() and get_queryset() filtering; same guarantee enforced server-side.
"Administrative/privileged operations require a distinct, more strongly authenticated credential than standard user operations",ASVS V4,Hands-on verification / documentation,Satisfied,"The Admin API (used in this build for direct password resets) requires the service_role key, a distinct, more privileged credential than a regular user's JWT, confirmed hands-on when performing user-management operations.",Not satisfied,"This application's API uses the same UserAccountJWTAuthentication scheme for every endpoint; no separate elevated-privilege authentication path exists (Django's built-in admin site, which uses session auth, was never registered/used for these models)."
Input length/size limits are enforced to prevent resource-exhaustion via oversized payloads,"ASVS V5, V11",Hands-on verification,Satisfied,"A POST carrying a 500,000-character string value was rejected with 400 rather than accepted (hands-on check, 2026-08-15). The rejecting mechanism was not isolated: the probe named a field that is not a column of the records table (Listing 4.1), so the response is equally consistent with an unknown-column rejection as with a length constraint. The observed outcome is recorded here; the mechanism behind it is not established.",Not satisfied,"POST with a 500,000-character string in a text field returned 201 Created with no rejection or truncation, no field-level or request-level size limit is enforced."
Direct object references (e.g. record IDs) cannot be enumerated to access other organisations' data,ASVS V4,Hands-on verification,Satisfied,"Explicitly covered by the cross-org record ID tests in test_authorization.py (OTHER_ORG_RECORD_ID fixture), 12/12 passing, a known other-org record ID returns 200+[] (empty), not the record.",Satisfied,"Same test suite, same fixture, a known other-org record ID returns 404, not the record."
"Secrets rotation (API keys, DB passwords) is possible without downtime","ASVS V6, V14",Documentation analysis,Satisfied,"This project's Supabase instance uses the newer asymmetric API-key/signing-key system (confirmed via the dashboard's JWT Signing Keys UI encountered earlier in this build). Under that system, publishable and secret keys can be rotated instantly without invalidating existing user sessions. (Note: the legacy shared-secret JWT system, still in use by older Supabase projects, does NOT support this, regenerating the JWT secret there immediately invalidates all issued keys/sessions.)",Partial,"Rotating DB_PASSWORD means updating django-variant/.env and restarting the web/db containers, a brief service interruption in this simple docker-compose setup, since there is no rolling-restart or connection-draining mechanism configured. A production setup would need multiple replicas or a managed DB to avoid this."
Threat-modelling or security-architecture documentation is available for the platform's own infrastructure (BaaS) or was produced for this deployment (self-hosted),ASVS V1,Documentation analysis,Partial,"Supabase publishes general platform security/compliance documentation, but no project-specific threat model was produced for this deployment beyond the ad-hoc findings logged during the build (RLS recursion, view security_invoker, authorship spoofing).",Partial,"No formal threat-modelling document was produced for this deployment either, but the same ad-hoc security findings during the build (server-derived fields, RLS-layer absence noted at row 40) functionally constitute informal threat analysis, even though it was not organised as a structured document (e.g. STRIDE)."
"Codebase is organised into clearly separable modules/layers (data access, business logic, API surface)",ISO/IEC 25010 Maintainability (modularity),"Hands-on, self-reported (architecture review)","N/A: architecturally different, not a deficiency",Business logic lives as SQL migrations + RLS policies (row 73); there is no separate data-access/business-logic/API-surface split in the traditional sense because PostgREST generates the API surface automatically from the schema. Not comparable to Django's layering on a like-for-like basis.,Satisfied,"core/ follows the conventional DRF layout, models.py, serializers.py, views.py, urls.py as separate files/concerns, confirmed via grep in this build (core/urls.py, core/views.py, core/models.py referenced independently)."
A change to one endpoint's validation logic does not require touching unrelated modules,ISO/IEC 25010 Maintainability (modularity),"Hands-on, self-reported",Partial,"RLS policies are per-table, so changing one table's validation rule (a WITH CHECK clause) does not touch other tables' policies. But policies for the same table are coupled together in one CREATE POLICY statement per operation, so a validation change can require re-reasoning about the whole policy, not just one isolated rule (seen directly in the created_by fix, which touched both a column default and a WITH CHECK clause together).",Satisfied,"DRF's per-view/per-serializer structure means validation for one endpoint (a serializer's validate() method or a permission class) is isolated from other endpoints' files; the created_by fix (row 43) only touched RecordSerializer's read_only_fields, nothing else."
Automated test suite exists and covers the core authorization logic,ISO/IEC 25010 Maintainability (testability),"Hands-on verification (the published test suite, Appendix A)",Satisfied,12 cross-target integration tests (test_authorization.py + test_equivalence.py) exercise RLS and permission boundaries directly; all passing.,Satisfied,Same 12 integration tests plus 4 Django-specific unit tests; all passing.
Test suite can be run in a single command with no manual setup beyond documented steps,ISO/IEC 25010 Maintainability (testability),Hands-on verification,Satisfied,pytest tests/ (with tests/config.py sourcing .env) runs the full cross-target suite in one command.,Satisfied,Same command for integration tests; docker compose run --rm web pytest for the Django-specific unit tests.
Static analysis / linting is configured and passes cleanly,ISO/IEC 25010 Maintainability (analysability),Hands-on verification,N/A: minimal application code,"The Supabase variant has no application-layer code to lint in the conventional sense (Python/JS linters do not apply), just SQL migrations and shell scripts. Not scored against Django on this row; noted as an architectural asymmetry rather than a deficiency.",Partial,"ruff (a standard, widely-used Python linter) runs cleanly against the codebase but reports 32 issues, 19 auto-fixable (mostly import ordering, not serious defects). Linting is available and works, but the codebase does not pass cleanly as evaluated; the majority of the reported issues are resolved by a single ruff check --fix pass, which was not applied so that the scored artifact and the published repository remain identical."
Code changes can be reviewed via a standard diff (not exclusively through a proprietary dashboard UI),ISO/IEC 25010 Maintainability (analysability),"Hands-on, self-reported",Partial,"Schema/RLS migrations are plain SQL, fully diffable in git. Auth and Storage configuration changes made via the dashboard (same gap as row 70) are not diffable, they would need to be reconstructed as a change description, not a git diff.",Satisfied,All business logic is plain Python source under version control; every change in this build was reviewable as a standard git diff.
"Business logic that would traditionally live in Edge Functions/serverless functions is inspectable and version-controllable as plain source, not only configured through a dashboard",ISO/IEC 25010 Maintainability (modifiability),"Hands-on, self-reported",Partial,"No Edge Functions were built for this implementation (RLS was judged sufficient for this application's business logic). RLS policies themselves are version-controlled SQL migrations, but Auth/Storage configuration was done via the dashboard, not fully expressed as code.",Satisfied,All business logic is plain Python under version control; no dashboard-only configuration path exists for application logic.
A new developer can trace a request from API entry point to database query without needing platform-specific internal knowledge,ISO/IEC 25010 Maintainability (analysability),"Hands-on, self-reported",Partial,"Tracing a request means understanding PostgREST's automatic table-to-endpoint mapping and how RLS evaluates against auth.uid() at query time, Postgres/PostgREST-specific knowledge, not general web-development knowledge.",Satisfied,"Fully traceable by anyone familiar with Django/DRF conventions: urls.py to views.py to serializers.py to models.py, all plain Python, no platform-proprietary internals."
Lines of code and dependency count are known and documented for the implementation (Section 5.4/Table 5.4),ISO/IEC 25010 Maintainability (analysability),Hands-on verification (cloc),Satisfied,"112 lines of hand-written SQL, 8 deployment steps (awk step count), documented in Table 5.4.",Satisfied,"275 lines of hand-written Python, 15 deployment steps (awk step count), 23 dependencies (requirements.txt), documented in Table 5.4."
"Database schema changes are tracked in version control as migrations, not only as live dashboard edits",ISO/IEC 25010 Maintainability (modifiability); ISO/IEC 25010 Portability,Hands-on verification,Partial,"Initial schema was migration-tracked (0001-0003), but several fixes in this build (RLS recursion fix, security_invoker view fix, created_by default) were applied live via the SQL Editor rather than committed migration files. These fixes have since been committed as migration 0004_fixes.sql (Appendix A), restoring a complete migration chain; the Partial score reflects the state during the assessed build window, when the live database and the committed migrations diverged.",Satisfied,All schema changes went through makemigrations/migrate and are fully tracked in version control.
Test coverage percentage is measurable and reported,ISO/IEC 25010 Maintainability (testability),Hands-on verification (coverage reports),N/A: no application code,"No conventional code-coverage metric applies, there is no application code to instrument (same architectural asymmetry as row 68). The 12 cross-target integration tests exercise Supabase-side behaviour functionally, but not as a coverage percentage.",Satisfied,"pytest-cov measured 38% total statement coverage in this build (--ds=config.settings run against core/tests.py), with per-file percentages reported."
"Application can run against a different underlying Postgres provider (self-hosted, different cloud) without code changes",ISO/IEC 25010 Portability (adaptability),Documentation + hands-on,Partial,"PostgREST, GoTrue, and Storage are each individually open-source and self-hostable against any Postgres instance, so the underlying stack can in principle run elsewhere. But 'Supabase' as the managed platform used in this build does not itself run against a different provider, realizing this portability means self-hosting those OSS components, a materially bigger step than a config change.",Satisfied,"Vanilla postgres:16, no extensions (row 80); pointing at a different provider is a one-line change to the DATABASES setting in settings.py, no code changes required."
Full data export (schema + data) is possible in a standard format (e.g. pg_dump) without provider-specific tooling,ISO/IEC 25010 Portability (adaptability),Hands-on verification,Satisfied,"Both variants are plain PostgreSQL databases; pg_dump works identically against either. Supabase also exposes a direct Postgres connection string for this purpose (Settings > Database), not requiring the Supabase CLI.",Satisfied,"Same, django-variant's db container is unmodified postgres:16; pg_dump requires no Django-specific tooling."
Application container/runtime can be installed on a fresh environment following only the documented deployment steps,ISO/IEC 25010 Portability (installability),"Hands-on, self-reported (reproducibility of the documented build)",Satisfied,"The written build procedure was executed step by step across this build; every genuine gap found along the way (Gunicorn worker sizing, a shell array word-splitting bug, missing pytest install, missing --ds flag, JWT-refresh flow) was folded back into the procedure itself as it was discovered, so the current version reflects a verified-working path.",Satisfied,"Same guide, same verification process, the Django-variant sections were patched in step with the same issues as they came up (Gunicorn worker count, k6 loop, pytest/coverage setup)."
Switching to a different auth provider is possible without a full application rewrite,ISO/IEC 25010 Portability (replaceability),Documentation analysis,Satisfied,"Supabase publishes official migration guides for Auth0, AWS Cognito, and Firebase Auth, and supports running Supabase Auth alongside a third-party provider during migration to avoid disruption. Supabase Auth (GoTrue) is itself open-source and self-hostable, which further reduces lock-in risk.",Satisfied,"Authentication is a thin, explicitly custom layer (UserAccountJWTAuthentication + djangorestframework-simplejwt); swapping to a different provider means replacing one authentication backend class, not a framework-level rewrite."
Switching to a different object-storage backend is possible without a full application rewrite,ISO/IEC 25010 Portability (replaceability),Documentation analysis,Partial,"Supabase Storage exposes an S3-compatible API, so the underlying files/buckets can be moved to another S3-compatible provider, but the storage.objects metadata table, its RLS policies, and any Supabase-Storage-specific client calls are platform-specific and would need to be rebuilt against the new backend, not just re-pointed.",Satisfied,"django-storages (S3Boto3Storage, as configured) already abstracts the storage backend behind Django's standard storage API; swapping providers (or backend type entirely, filesystem, GCS, Azure) is a settings.py configuration change, not a code rewrite."
"No proprietary, non-standard SQL extensions are required for the application's core schema/queries to function",ISO/IEC 25010 Portability (adaptability),Hands-on verification (schema review),Satisfied,"Row-Level Security and SECURITY DEFINER functions are standard PostgreSQL 9.5+ features rather than Supabase extensions, and no proprietary extension is required. The policies nevertheless depend on auth.uid() and on the auth.users table, which GoTrue provides rather than PostgreSQL, so they would need adapting before running on a plain instance; this is an authentication-context dependency rather than an extension dependency.",Satisfied,No extensions used beyond core PostgreSQL/Django ORM features.
"Local development environment can be run entirely offline/without a live cloud account (self-hosted) vs. requires live cloud connectivity (BaaS), document this asymmetry, do not score it as a deficiency for either side",ISO/IEC 25010 Portability (adaptability),"Hands-on, self-reported","N/A: asymmetry documented, not scored",Every request throughout this build targeted a hosted https://*.supabase.co project; no offline/local-emulation mode was used. Requires live cloud connectivity by design.,"N/A: asymmetry documented, not scored","Runs entirely offline once Docker images are pulled, confirmed throughout this build, docker compose up brings up web+db locally with no external network dependency for normal operation."
Vendor lock-in risk is explicitly assessable: estimated effort (hours) to migrate away from the current provider/stack,ISO/IEC 25010 Portability (replaceability),"Hands-on, self-reported estimate","~20-40 hours (estimate, not measured)","Migrating away means either self-hosting the OSS components (PostgREST/GoTrue/Storage, row 75) or rewriting Auth and RLS as application-layer logic against a different BaaS/framework, the RLS policies alone (row 40) would need to become explicit Python authorization code with no direct 1:1 translation.","~4-8 hours (estimate, not measured)","Mostly an infrastructure/redeploy exercise since the stack is already vanilla Postgres+Django (row 75): provision a new VPS, restore via pg_dump (row 76), redeploy the existing Docker containers. No application code would need to change."
Relative time to the first working authenticated CRUD endpoint is documented from the development record,Implementation effort (Section 5.4),"Hands-on, self-reported (from the build timeline)",Slower to first working endpoint,"Not formally time-boxed; self-reported that Django reached its first working authenticated CRUD request sooner than Supabase, despite Supabase's smaller final codebase (row 72), consistent with the RLS recursion fix blocking a working request until resolved.",Faster to first working endpoint,"Not formally time-boxed; self-reported as reaching the first working authenticated CRUD request faster than Supabase, since the initial Django CRUD path did not hit a comparable correctness blocker before its first successful request."
Number of discrete manual dashboard/console configuration steps required (vs. steps expressible as code/CLI),Implementation effort (Section 5.4); ISO/IEC 25010 Portability,"Hands-on, self-reported",3-4 of 8 steps,"Self-reported: roughly 3-4 of the 8 deployment steps required the dashboard/console (e.g. project creation, retrieving API keys, storage bucket setup), with the rest (schema, RLS policies, auth trigger) expressed as SQL migrations run via CLI.",0 of 15 steps,"All 15 deployment steps are CLI commands or file edits (Dockerfile, docker-compose.yml, .env, manage.py commands); no dashboard/console exists for this self-hosted variant."
Number of distinct services/processes an operator is responsible for keeping running (self-hosted) vs. zero (BaaS),ISO/IEC 25010 Maintainability / operational burden,"Hands-on, self-reported",0,"Fully managed, zero processes for the operator to keep running (Postgres, API layer, Auth, Storage are all Supabase's operational responsibility).",3,"web, db and nginx containers in the current docker-compose.yml (nginx confirmed via row 33's restart test, 2026-08-15). The proxy is plain HTTP, with no TLS configured (row 45)."
Monthly direct cost at each of the three usage scenarios in Table 3.3 is known and documented,RQ3 / Section 5.3,"Hands-on verification (provider pricing pages, Appendix C)",Satisfied,"$35/$40/$135 for small/growing/peak, confirmed against a dated (2026-08-15) pricing-page screenshot, see Table 5.3 and Appendix C.",Satisfied,"$11.99/$14.99/$28.99 (Hostinger renewal rate) for small/growing/peak, confirmed against the same dated screenshot, see Table 5.3 and Appendix C."
"Overage/scaling cost behaviour beyond the base tier is documented (linear, stepped, or unpredictable)",RQ3 / Section 5.3,Documentation analysis,"Satisfied: metered per resource, tiered compute","Overage is per-resource metered at published per-unit rates beyond each plan's included allowance: database storage $0.125/GB, egress $0.09/GB beyond 250GB included, file storage $0.021/GB, and $0.00325 per monthly active user. Per-unit charges are published and predictable for these resources, though compute capacity moves in discrete instance tiers rather than continuously, so the total is metered in part and stepped in part. Egress and MAU are the two meters most likely to surprise a growing app, since both scale with usage rather than storage.","Satisfied: fixed, not metered","VPS pricing is fixed per compute tier (e.g. DigitalOcean, Hetzner or Linode droplet pricing): cost is a step function of the chosen tier rather than a continuous function of load, until bandwidth caps are exceeded (typically generous, several TB included per most providers). This fixed-versus-metered distinction feeds directly into Table 5.3."
"Estimated monthly operational effort (hours) for patching, monitoring, and backups is documented",RQ3 / Section 5.3,"Hands-on, self-reported estimate (cost model, Section 3.5)",Satisfied,"~1 hr/month (occasional dashboard checks, no patching/backup management), operational-effort estimate, Section 3.5.",Satisfied,"~4-8 hrs/month (OS patching, container updates, backup verification, monitoring), scaling up somewhat at the peak scenario, operational-effort estimate, Section 3.5."
